"2013/01/24 17:34:37";"2013/01/24 17:30:55";"1";"3"
"2013/01/24 17:34:37";"2013/01/24 17:30:55";"2";"2"
"2013/01/24 17:34:37";"2013/01/24 17:30:55";"3";"3"
"2013/01/24 17:34:37";"2013/01/24 17:30:55";"4";"3"
"2013/01/24 17:34:37";"2013/01/24 17:30:55";"5";"5"
"2013/01/24 17:34:37";"2013/01/24 17:30:55";"6";"2"
"2013/01/24 17:34:37";"2013/01/24 17:30:55";"7";"2"
"2013/01/24 17:34:37";"2013/01/24 17:30:55";"8";"2"
"2013/01/24 17:34:37";"2013/01/24 17:30:55";"9";"2"
"2013/01/24 17:34:37";"2013/01/24 17:30:55";"10";"2"
"2013/01/24 17:34:37";"2013/01/24 17:30:55";"11";"2"
"2013/01/24 17:34:37";"2013/01/24 17:30:55";"12";"2"
"2013/01/24 17:34:37";"2013/01/24 17:30:55";"13";"2"
"2013/01/24 17:34:37";"2013/01/24 17:30:55";"14";"2"
"2013/01/24 17:34:37";"2013/01/24 17:30:55";"15";"3"
"2013/01/24 17:34:37";"2013/01/24 17:30:55";"16";"2"
"2013/01/24 17:34:37";"2013/01/24 17:30:55";"17";"2"
"2013/01/24 17:34:37";"2013/01/24 17:30:55";"18";"2"
"2013/01/24 17:34:37";"2013/01/24 17:30:55";"19";"2"
"2013/01/24 17:34:37";"2013/01/24 17:30:55";"20";"2"
"2013/01/24 17:34:37";"2013/01/24 17:30:55";"21";"2"
"2013/01/24 17:34:37";"2013/01/24 17:30:55";"22";"1"
"2013/01/24 17:34:37";"2013/01/24 17:30:55";"23";"2"
"2013/01/24 17:34:37";"2013/01/24 17:30:55";"24";"3"
"2013/01/24 17:34:37";"2013/01/24 17:30:55";"25";"2"
"2013/01/24 17:34:37";"2013/01/24 17:30:55";"26";"0"
"2013/01/24 17:34:37";"2013/01/24 17:30:55";"27";"0"
"2013/01/24 17:34:37";"2013/01/24 17:30:55";"28";"2"
"2013/01/24 17:34:37";"2013/01/24 17:30:55";"29";"1"
"2013/01/24 17:34:37";"2013/01/24 17:30:55";"30";"2"
"2013/01/24 17:34:37";"2013/01/24 17:30:55";"31";"2"
"2013/01/24 17:34:37";"2013/01/24 17:30:55";"32";"0"
"2013/01/24 17:34:37";"2013/01/24 17:30:55";"33";"0"
"2013/01/24 17:34:37";"2013/01/24 17:30:55";"34";"0"
"2013/01/24 17:34:37";"2013/01/24 17:30:55";"35";"2"
"2013/01/24 17:34:37";"2013/01/24 17:30:55";"36";"1"
"2013/01/24 17:34:37";"2013/01/24 17:30:55";"37";"2"
"2013/01/24 17:34:37";"2013/01/24 17:30:55";"38";"2"
"2013/01/24 17:34:37";"2013/01/24 17:30:55";"39";"2"
"2013/01/24 17:34:37";"2013/01/24 17:30:55";"40";"2"
"2013/01/24 17:34:37";"2013/01/24 17:30:55";"41";"2"
"2013/01/24 17:34:37";"2013/01/24 17:30:55";"42";"2"
"2013/01/24 17:34:37";"2013/01/24 17:30:55";"43";"2"
"2013/01/24 17:34:37";"2013/01/24 17:30:55";"44";"2"
"2013/01/24 17:34:37";"2013/01/24 17:30:55";"45";"2"
"2013/01/24 17:34:37";"2013/01/24 17:30:55";"46";"2"
"2013/01/24 17:34:37";"2013/01/24 17:30:55";"47";"2"
"2013/01/24 17:34:37";"2013/01/24 17:30:55";"48";"0"
"2013/01/24 17:34:37";"2013/01/24 17:30:55";"49";"2"
"2013/01/24 17:34:37";"2013/01/24 17:30:55";"50";"0"
"2013/01/24 17:34:37";"2013/01/24 17:30:55";"51";"0"
"2013/01/24 17:34:37";"2013/01/24 17:30:55";"52";"0"
"2013/01/24 17:34:37";"2013/01/24 17:30:55";"53";"0"
"2013/01/24 17:34:37";"2013/01/24 17:30:55";"54";"2"
"2013/01/24 17:34:37";"2013/01/24 17:30:55";"55";"0"
"2013/01/24 17:34:37";"2013/01/24 17:30:55";"56";"0"
"2013/01/24 17:34:37";"2013/01/24 17:30:55";"57";"3"
"2013/01/24 17:34:37";"2013/01/24 17:30:55";"58";"3"
"2013/01/24 17:34:37";"2013/01/24 17:30:55";"59";"0"
"2013/01/24 17:34:37";"2013/01/24 17:30:55";"60";"0"
"2013/01/24 17:34:37";"2013/01/24 17:30:55";"61";"2"
"2013/01/24 17:34:37";"2013/01/24 17:30:55";"62";"2"
"2013/01/24 17:34:37";"2013/01/24 17:30:55";"63";"2"
"2013/01/24 17:34:37";"2013/01/24 17:30:55";"64";"0"
"2013/01/24 17:34:37";"2013/01/24 17:30:55";"65";"2"
"2013/01/24 17:34:37";"2013/01/24 17:30:55";"66";"2"
"2013/01/24 17:34:37";"2013/01/24 17:30:55";"67";"2"
"2013/01/24 17:34:37";"2013/01/24 17:30:55";"68";"2"
"2013/01/24 17:34:37";"2013/01/24 17:30:55";"69";"2"
"2013/01/24 17:34:37";"2013/01/24 17:30:55";"70";"2"
"2013/01/24 17:34:37";"2013/01/24 17:30:55";"71";"2"
"2013/01/24 17:34:37";"2013/01/24 17:30:55";"72";"2"
"2013/01/24 17:34:37";"2013/01/24 17:30:55";"73";"2"
"2013/01/24 17:34:37";"2013/01/24 17:30:55";"74";"2"
"2013/01/24 17:34:37";"2013/01/24 17:30:55";"75";"2"
"2013/01/24 17:34:37";"2013/01/24 17:30:55";"76";"0"
"2013/01/24 17:34:37";"2013/01/24 17:30:55";"77";"0"
"2013/01/24 17:34:37";"2013/01/24 17:30:55";"78";"0"
"2013/01/24 17:34:37";"2013/01/24 17:30:55";"79";"0"
"2013/01/24 17:34:37";"2013/01/24 17:30:55";"80";"0"
"2013/01/24 17:34:37";"2013/01/24 17:30:55";"81";"1"
"2013/01/24 17:34:37";"2013/01/24 17:30:55";"82";"2"
"2013/01/24 17:34:37";"2013/01/24 17:30:55";"83";"2"
"2013/01/24 17:34:37";"2013/01/24 17:30:55";"84";"2"
"2013/01/24 17:34:37";"2013/01/24 17:30:55";"85";"2"
"2013/01/24 17:34:37";"2013/01/24 17:30:55";"86";"2"
"2013/01/24 17:34:37";"2013/01/24 17:30:55";"87";"2"
"2013/01/24 17:34:37";"2013/01/24 17:30:55";"88";"2"
"2013/01/24 17:34:37";"2013/01/24 17:30:55";"89";"2"
"2013/01/24 17:34:37";"2013/01/24 17:30:55";"90";"2"
"2013/01/24 17:34:37";"2013/01/24 17:30:55";"91";"4"
"2013/01/24 17:34:37";"2013/01/24 17:30:55";"92";"2"
"2013/01/24 17:34:37";"2013/01/24 17:30:55";"93";"2"
"2013/01/24 17:34:37";"2013/01/24 17:30:55";"94";"3"
"2013/01/24 17:34:37";"2013/01/24 17:30:55";"95";"1"
"2013/01/24 17:34:37";"2013/01/24 17:30:55";"96";"0"
"2013/01/24 17:34:37";"2013/01/24 17:30:55";"97";"2"
"2013/01/24 17:34:37";"2013/01/24 17:30:55";"98";"4"
"2013/01/24 17:34:37";"2013/01/24 17:30:55";"99";"3"
"2013/01/24 17:34:37";"2013/01/24 17:30:55";"100";"2"
"2013/01/24 17:34:37";"2013/01/24 17:30:55";"101";"2"
"2013/01/24 17:34:37";"2013/01/24 17:30:55";"102";"2"
"2013/01/24 17:34:37";"2013/01/24 17:30:55";"103";"3"
"2013/01/24 17:34:37";"2013/01/24 17:30:55";"104";"1"
"2013/01/24 17:34:37";"2013/01/24 17:30:55";"105";"2"
"2013/01/24 17:34:37";"2013/01/24 17:30:55";"106";"2"
"2013/01/24 17:34:37";"2013/01/24 17:30:55";"107";"0"
"2013/01/24 17:34:37";"2013/01/24 17:30:55";"108";"0"
"2013/01/24 17:34:37";"2013/01/24 17:30:55";"109";"0"
"2013/01/24 17:34:37";"2013/01/24 17:30:55";"110";"2"
"2013/01/24 17:34:37";"2013/01/24 17:30:55";"111";"2"
"2013/01/24 17:34:37";"2013/01/24 17:30:55";"112";"4"
"2013/01/24 17:34:37";"2013/01/24 17:30:55";"113";"2"
"2013/01/24 17:34:37";"2013/01/24 17:30:55";"114";"2"
"2013/01/24 17:34:37";"2013/01/24 17:30:55";"115";"2"
"2013/01/24 17:34:37";"2013/01/24 17:30:55";"116";"2"
"2013/01/24 17:34:37";"2013/01/24 17:30:55";"117";"2"
"2013/01/24 17:34:37";"2013/01/24 17:30:55";"118";"2"
"2013/01/24 17:34:37";"2013/01/24 17:30:55";"119";"2"
"2013/01/24 17:34:37";"2013/01/24 17:30:55";"120";"2"
"2013/01/24 17:34:37";"2013/01/24 17:30:55";"121";"2"
"2013/01/24 17:34:37";"2013/01/24 17:30:55";"122";"3"
"2013/01/24 17:34:37";"2013/01/24 17:30:55";"123";"2"
"2013/01/24 17:34:37";"2013/01/24 17:30:55";"124";"1"
"2013/01/24 17:34:37";"2013/01/24 17:30:55";"125";"2"
"2013/01/24 17:34:37";"2013/01/24 17:30:55";"126";"2"
"2013/01/24 17:34:37";"2013/01/24 17:30:55";"127";"2"
"2013/01/24 17:34:37";"2013/01/24 17:30:55";"128";"2"
"2013/01/24 17:34:37";"2013/01/24 17:30:55";"129";"2"
"2013/01/24 17:34:37";"2013/01/24 17:30:55";"130";"2"
"2013/01/24 17:34:37";"2013/01/24 17:30:55";"131";"1"
"2013/01/24 17:34:37";"2013/01/24 17:30:55";"132";"2"
"2013/01/24 17:34:37";"2013/01/24 17:30:55";"133";"2"
"2013/01/24 17:34:37";"2013/01/24 17:30:55";"134";"2"
"2013/01/24 17:34:37";"2013/01/24 17:30:55";"135";"0"
"2013/01/24 17:34:37";"2013/01/24 17:30:55";"136";"0"
"2013/01/24 17:34:37";"2013/01/24 17:30:55";"137";"0"
"2013/01/24 17:34:37";"2013/01/24 17:30:55";"138";"2"
"2013/01/24 17:34:37";"2013/01/24 17:30:55";"139";"0"
"2013/01/24 17:34:37";"2013/01/24 17:30:55";"140";"2"
"2013/01/24 17:34:37";"2013/01/24 17:30:55";"141";"2"
"2013/01/24 17:34:37";"2013/01/24 17:30:55";"142";"2"
"2013/01/24 17:34:37";"2013/01/24 17:30:55";"143";"2"
"2013/01/24 17:34:37";"2013/01/24 17:30:55";"144";"2"
"2013/01/24 17:34:37";"2013/01/24 17:30:55";"145";"3"
"2013/01/24 17:34:37";"2013/01/24 17:30:55";"146";"2"
"2013/01/24 17:34:37";"2013/01/24 17:30:55";"147";"2"
"2013/01/24 17:34:37";"2013/01/24 17:30:55";"148";"2"
"2013/01/24 17:34:37";"2013/01/24 17:30:55";"149";"0"
"2013/01/24 17:34:37";"2013/01/24 17:30:55";"150";"0"
"2013/01/24 17:34:37";"2013/01/24 17:30:55";"151";"2"
"2013/01/24 17:34:37";"2013/01/24 17:30:55";"152";"2"
"2013/01/24 17:34:37";"2013/01/24 17:30:55";"153";"3"
"2013/01/24 17:34:37";"2013/01/24 17:30:55";"154";"3"
"2013/01/24 17:34:37";"2013/01/24 17:30:55";"155";"2"
"2013/01/24 17:34:37";"2013/01/24 17:30:55";"156";"3"
"2013/01/24 17:34:37";"2013/01/24 17:30:55";"157";"4"
"2013/01/24 17:34:37";"2013/01/24 17:30:55";"158";"2"
"2013/01/24 17:34:37";"2013/01/24 17:30:55";"159";"2"
"2013/01/24 17:34:37";"2013/01/24 17:30:55";"160";"0"
"2013/01/24 17:34:37";"2013/01/24 17:30:55";"161";"0"
"2013/01/24 17:34:37";"2013/01/24 17:30:55";"162";"2"
"2013/01/24 17:34:37";"2013/01/24 17:30:55";"163";"2"
"2013/01/24 17:34:37";"2013/01/24 17:30:55";"164";"2"
"2013/01/24 17:34:37";"2013/01/24 17:30:55";"165";"2"
"2013/01/24 17:34:37";"2013/01/24 17:30:55";"166";"2"
"2013/01/24 17:34:37";"2013/01/24 17:30:55";"167";"2"
"2013/01/24 17:34:37";"2013/01/24 17:30:55";"168";"2"
"2013/01/24 17:34:37";"2013/01/24 17:30:55";"169";"2"
"2013/01/24 17:34:37";"2013/01/24 17:30:55";"170";"4"
"2013/01/24 17:34:37";"2013/01/24 17:30:55";"171";"1"
"2013/01/24 17:34:37";"2013/01/24 17:30:55";"172";"1"
"2013/01/24 17:34:37";"2013/01/24 17:30:55";"173";"0"
"2013/01/24 17:34:37";"2013/01/24 17:30:55";"174";"0"
"2013/01/24 17:34:37";"2013/01/24 17:30:55";"175";"1"
"2013/01/24 17:34:37";"2013/01/24 17:30:55";"176";"1"
"2013/01/24 17:34:37";"2013/01/24 17:30:55";"177";"2"
"2013/01/24 17:34:37";"2013/01/24 17:30:55";"178";"2"
"2013/01/24 17:34:37";"2013/01/24 17:30:55";"179";"1"
"2013/01/24 17:34:37";"2013/01/24 17:30:55";"180";"2"
"2013/01/24 17:34:37";"2013/01/24 17:30:55";"181";"2"
"2013/01/24 17:34:37";"2013/01/24 17:30:55";"182";"1"
"2013/01/24 17:34:37";"2013/01/24 17:30:55";"183";"1"
"2013/01/24 17:34:37";"2013/01/24 17:30:55";"184";"2"
"2013/01/24 17:34:37";"2013/01/24 17:30:55";"185";"3"
"2013/01/24 17:34:37";"2013/01/24 17:30:55";"186";"2"
"2013/01/24 17:34:37";"2013/01/24 17:30:55";"187";"3"
"2013/01/24 17:34:37";"2013/01/24 17:30:55";"188";"2"
"2013/01/24 17:34:37";"2013/01/24 17:30:55";"189";"2"
"2013/01/24 17:34:37";"2013/01/24 17:30:55";"190";"0"
"2013/01/24 17:34:37";"2013/01/24 17:30:55";"191";"0"
"2013/01/24 17:34:37";"2013/01/24 17:30:55";"192";"3"
"2013/01/24 17:34:37";"2013/01/24 17:30:55";"193";"3"
"2013/01/24 17:34:37";"2013/01/24 17:30:55";"194";"3"
"2013/01/24 17:34:37";"2013/01/24 17:30:55";"195";"3"
"2013/01/24 17:34:37";"2013/01/24 17:30:55";"196";"3"
"2013/01/24 17:34:37";"2013/01/24 17:30:55";"197";"1"
"2013/01/24 17:34:37";"2013/01/24 17:30:55";"198";"1"
"2013/01/24 17:34:37";"2013/01/24 17:30:55";"199";"1"
"2013/01/24 17:34:37";"2013/01/24 17:30:55";"200";"2"
"2013/01/24 17:34:37";"2013/01/24 17:30:55";"201";"2"
"2013/01/24 17:34:37";"2013/01/24 17:30:55";"202";"2"
"2013/01/24 17:34:37";"2013/01/24 17:30:55";"203";"0"
"2013/01/24 17:34:37";"2013/01/24 17:30:55";"204";"3"
"2013/01/24 17:34:37";"2013/01/24 17:30:55";"205";"2"
"2013/01/24 17:34:37";"2013/01/24 17:30:55";"206";"2"
"2013/01/24 17:34:37";"2013/01/24 17:30:55";"207";"2"
"2013/01/24 17:34:37";"2013/01/24 17:30:55";"208";"2"
"2013/01/24 17:34:37";"2013/01/24 17:30:55";"209";"1"
"2013/01/24 17:34:37";"2013/01/24 17:30:55";"210";"3"
"2013/01/24 17:34:37";"2013/01/24 17:30:55";"211";"2"
"2013/01/24 17:34:37";"2013/01/24 17:30:55";"212";"2"
"2013/01/24 17:34:37";"2013/01/24 17:30:55";"213";"2"
"2013/01/24 17:34:37";"2013/01/24 17:30:55";"214";"2"
"2013/01/24 17:34:37";"2013/01/24 17:30:55";"215";"2"
"2013/01/24 17:34:37";"2013/01/24 17:30:55";"216";"3"
"2013/01/24 17:34:37";"2013/01/24 17:30:55";"217";"0"
"2013/01/24 17:34:37";"2013/01/24 17:30:55";"218";"0"
"2013/01/24 17:34:37";"2013/01/24 17:30:55";"219";"0"
"2013/01/24 17:34:37";"2013/01/24 17:30:55";"220";"0"
"2013/01/24 17:34:37";"2013/01/24 17:30:55";"221";"0"
"2013/01/24 17:34:37";"2013/01/24 17:30:55";"222";"0"
"2013/01/24 17:34:37";"2013/01/24 17:30:55";"223";"2"
"2013/01/24 17:34:37";"2013/01/24 17:30:55";"224";"2"
"2013/01/24 17:34:37";"2013/01/24 17:30:55";"225";"0"
"2013/01/24 17:34:37";"2013/01/24 17:30:55";"226";"0"
"2013/01/24 17:34:37";"2013/01/24 17:30:55";"227";"2"
"2013/01/24 17:34:37";"2013/01/24 17:30:55";"228";"2"
"2013/01/24 17:34:37";"2013/01/24 17:30:55";"229";"2"
"2013/01/24 17:34:37";"2013/01/24 17:30:55";"230";"2"
"2013/01/24 17:34:37";"2013/01/24 17:30:55";"231";"3"
"2013/01/24 17:34:37";"2013/01/24 17:30:55";"232";"0"
"2013/01/24 17:34:37";"2013/01/24 17:30:55";"233";"3"
"2013/01/24 17:34:37";"2013/01/24 17:30:55";"234";"2"
"2013/01/24 17:34:37";"2013/01/24 17:30:55";"235";"2"
"2013/01/24 17:34:37";"2013/01/24 17:30:55";"236";"2"
"2013/01/24 17:34:37";"2013/01/24 17:30:55";"237";"3"
"2013/01/24 17:34:37";"2013/01/24 17:30:55";"238";"2"
"2013/01/24 17:34:37";"2013/01/24 17:30:55";"239";"2"
"2013/01/24 17:34:37";"2013/01/24 17:30:55";"240";"1"
"2013/01/24 17:34:37";"2013/01/24 17:30:55";"241";"0"
"2013/01/24 17:34:37";"2013/01/24 17:30:55";"242";"2"
"2013/01/24 17:34:37";"2013/01/24 17:30:55";"243";"1"
"2013/01/24 17:34:37";"2013/01/24 17:30:55";"244";"3"
"2013/01/24 17:34:37";"2013/01/24 17:30:55";"245";"2"
"2013/01/24 17:34:37";"2013/01/24 17:30:55";"246";"2"
"2013/01/24 17:34:37";"2013/01/24 17:30:55";"247";"2"
"2013/01/24 17:34:37";"2013/01/24 17:30:55";"248";"2"
"2013/01/24 17:34:37";"2013/01/24 17:30:55";"249";"0"
"2013/01/24 17:34:37";"2013/01/24 17:30:55";"250";"2"
"2013/01/24 17:34:37";"2013/01/24 17:30:55";"251";"2"
"2013/01/24 17:34:37";"2013/01/24 17:30:55";"252";"2"
"2013/01/24 17:34:37";"2013/01/24 17:30:55";"253";"2"
"2013/01/24 17:34:37";"2013/01/24 17:30:55";"254";"0"
"2013/01/24 17:34:37";"2013/01/24 17:30:55";"255";"0"
"2013/01/24 17:34:37";"2013/01/24 17:30:55";"256";"2"
"2013/01/24 17:34:37";"2013/01/24 17:30:55";"257";"2"
"2013/01/24 17:34:37";"2013/01/24 17:30:55";"258";"2"
"2013/01/24 17:34:37";"2013/01/24 17:30:55";"259";"2"
"2013/01/24 17:34:37";"2013/01/24 17:30:55";"260";"2"
"2013/01/24 17:34:37";"2013/01/24 17:30:55";"261";"0"
"2013/01/24 17:34:37";"2013/01/24 17:30:55";"262";"1"
"2013/01/24 17:34:37";"2013/01/24 17:30:55";"263";"2"
"2013/01/24 17:34:37";"2013/01/24 17:30:55";"264";"2"
"2013/01/24 17:34:37";"2013/01/24 17:30:55";"265";"3"
"2013/01/24 17:34:37";"2013/01/24 17:30:55";"266";"3"
"2013/01/24 17:34:37";"2013/01/24 17:30:55";"267";"2"
"2013/01/24 17:34:37";"2013/01/24 17:30:55";"268";"2"
"2013/01/24 17:34:37";"2013/01/24 17:30:55";"269";"2"
"2013/01/24 17:34:37";"2013/01/24 17:30:55";"270";"2"
"2013/01/24 17:34:37";"2013/01/24 17:30:55";"271";"2"
"2013/01/24 17:34:37";"2013/01/24 17:30:55";"272";"2"
"2013/01/24 17:34:37";"2013/01/24 17:30:55";"273";"2"
"2013/01/24 17:34:37";"2013/01/24 17:30:55";"274";"2"
"2013/01/24 17:34:37";"2013/01/24 17:30:55";"275";"2"
"2013/01/24 17:34:37";"2013/01/24 17:30:55";"276";"2"
"2013/01/24 17:34:37";"2013/01/24 17:30:55";"277";"2"
"2013/01/24 17:34:37";"2013/01/24 17:30:55";"278";"2"
"2013/01/24 17:34:37";"2013/01/24 17:30:55";"279";"0"
"2013/01/24 17:34:37";"2013/01/24 17:30:55";"280";"0"
"2013/01/24 17:34:37";"2013/01/24 17:30:55";"281";"2"
"2013/01/24 17:34:37";"2013/01/24 17:30:55";"282";"2"
"2013/01/24 17:34:37";"2013/01/24 17:30:55";"283";"1"
"2013/01/24 17:34:37";"2013/01/24 17:30:55";"284";"0"
"2013/01/24 17:34:37";"2013/01/24 17:30:55";"285";"2"
"2013/01/24 17:34:37";"2013/01/24 17:30:55";"286";"0"
"2013/01/24 17:34:37";"2013/01/24 17:30:55";"287";"0"
"2013/01/24 17:34:37";"2013/01/24 17:30:55";"288";"0"
"2013/01/24 17:34:37";"2013/01/24 17:30:55";"289";"2"
"2013/01/24 17:34:37";"2013/01/24 17:30:55";"290";"1"
"2013/01/24 17:34:37";"2013/01/24 17:30:55";"291";"2"
"2013/01/24 17:34:37";"2013/01/24 17:30:55";"292";"1"
"2013/01/24 17:34:37";"2013/01/24 17:30:55";"293";"2"
"2013/01/24 17:34:37";"2013/01/24 17:30:55";"294";"2"
"2013/01/24 17:34:37";"2013/01/24 17:30:55";"295";"2"
"2013/01/24 17:34:37";"2013/01/24 17:30:55";"296";"0"
"2013/01/24 17:34:37";"2013/01/24 17:30:55";"297";"0"
"2013/01/24 17:34:37";"2013/01/24 17:30:55";"298";"1"
"2013/01/24 17:34:37";"2013/01/24 17:30:55";"299";"0"
"2013/01/24 17:34:37";"2013/01/24 17:30:55";"300";"0"
"2013/01/24 17:34:37";"2013/01/24 17:30:55";"301";"2"
"2013/01/24 17:34:37";"2013/01/24 17:30:55";"302";"1"
"2013/01/24 17:34:37";"2013/01/24 17:30:55";"303";"2"
"2013/01/24 17:34:37";"2013/01/24 17:30:55";"304";"2"
"2013/01/24 17:34:37";"2013/01/24 17:30:55";"305";"2"
"2013/01/24 17:34:37";"2013/01/24 17:30:55";"306";"3"
"2013/01/24 17:34:37";"2013/01/24 17:30:55";"307";"0"
"2013/01/24 17:34:37";"2013/01/24 17:30:55";"308";"2"
"2013/01/24 17:34:37";"2013/01/24 17:30:55";"309";"0"
"2013/01/24 17:34:37";"2013/01/24 17:30:55";"310";"0"
"2013/01/24 17:34:37";"2013/01/24 17:30:55";"311";"2"
"2013/01/24 17:34:37";"2013/01/24 17:30:55";"312";"2"
"2013/01/24 17:34:37";"2013/01/24 17:30:55";"313";"5"
"2013/01/24 17:34:37";"2013/01/24 17:30:55";"314";"2"
"2013/01/24 17:34:37";"2013/01/24 17:30:55";"315";"1"
"2013/01/24 17:34:37";"2013/01/24 17:30:55";"316";"2"
"2013/01/24 17:34:37";"2013/01/24 17:30:55";"317";"0"
"2013/01/24 17:34:37";"2013/01/24 17:30:55";"318";"2"
"2013/01/24 17:34:37";"2013/01/24 17:30:55";"319";"3"
"2013/01/24 17:34:37";"2013/01/24 17:30:55";"320";"3"
"2013/01/24 17:34:37";"2013/01/24 17:30:55";"321";"1"
"2013/01/24 17:34:37";"2013/01/24 17:30:55";"322";"2"
"2013/01/24 17:34:37";"2013/01/24 17:30:55";"323";"2"
"2013/01/24 17:34:37";"2013/01/24 17:30:55";"324";"2"
"2013/01/24 17:34:37";"2013/01/24 17:30:55";"325";"2"
"2013/01/24 17:34:37";"2013/01/24 17:30:55";"326";"2"
"2013/01/24 17:34:37";"2013/01/24 17:30:55";"327";"2"
"2013/01/24 17:34:37";"2013/01/24 17:30:55";"328";"2"
"2013/01/24 17:34:37";"2013/01/24 17:30:55";"329";"2"
"2013/01/24 17:34:37";"2013/01/24 17:30:55";"330";"3"
"2013/01/24 17:34:37";"2013/01/24 17:30:55";"331";"2"
"2013/01/24 17:34:37";"2013/01/24 17:30:55";"332";"3"
"2013/01/24 17:34:37";"2013/01/24 17:30:55";"333";"0"
"2013/01/24 17:34:37";"2013/01/24 17:30:55";"334";"0"
"2013/01/24 17:34:37";"2013/01/24 17:30:55";"335";"0"
"2013/01/24 17:34:37";"2013/01/24 17:30:55";"336";"0"
"2013/01/24 17:34:37";"2013/01/24 17:30:55";"337";"0"
"2013/01/24 17:34:37";"2013/01/24 17:30:55";"338";"0"
"2013/01/24 17:34:37";"2013/01/24 17:30:55";"339";"1"
"2013/01/24 17:34:37";"2013/01/24 17:30:55";"340";"0"
"2013/01/24 17:34:37";"2013/01/24 17:30:55";"341";"0"
"2013/01/24 17:34:37";"2013/01/24 17:30:55";"342";"0"
"2013/01/24 17:34:37";"2013/01/24 17:30:55";"343";"0"
"2013/01/24 17:34:37";"2013/01/24 17:30:55";"344";"2"
"2013/01/24 17:34:37";"2013/01/24 17:30:55";"345";"0"
"2013/01/24 17:34:37";"2013/01/24 17:30:55";"346";"2"
"2013/01/24 17:34:37";"2013/01/24 17:30:55";"347";"0"
"2013/01/24 17:34:37";"2013/01/24 17:30:55";"348";"0"
"2013/01/24 17:34:37";"2013/01/24 17:30:55";"349";"0"
"2013/01/24 17:34:37";"2013/01/24 17:30:55";"350";"2"
"2013/01/24 17:34:37";"2013/01/24 17:30:55";"351";"0"
"2013/01/24 17:34:37";"2013/01/24 17:30:55";"352";"0"
"2013/01/24 17:34:37";"2013/01/24 17:30:55";"353";"0"
"2013/01/24 17:34:37";"2013/01/24 17:30:55";"354";"0"
"2013/01/24 17:34:37";"2013/01/24 17:30:55";"355";"0"
"2013/01/24 17:34:37";"2013/01/24 17:30:55";"356";"0"
"2013/01/24 17:34:37";"2013/01/24 17:30:55";"357";"0"
"2013/01/24 17:34:37";"2013/01/24 17:30:55";"358";"0"
"2013/01/24 17:34:37";"2013/01/24 17:30:55";"359";"2"
"2013/01/24 17:34:37";"2013/01/24 17:30:55";"360";"2"
"2013/01/24 17:34:37";"2013/01/24 17:30:55";"361";"0"
"2013/01/24 17:34:37";"2013/01/24 17:30:55";"362";"2"
"2013/01/24 17:34:37";"2013/01/24 17:30:55";"363";"0"
"2013/01/24 17:34:37";"2013/01/24 17:30:55";"364";"0"
"2013/01/24 17:34:37";"2013/01/24 17:30:55";"365";"0"
"2013/01/24 17:34:37";"2013/01/24 17:30:55";"366";"0"
"2013/01/24 17:34:37";"2013/01/24 17:30:55";"367";"2"
"2013/01/24 17:34:37";"2013/01/24 17:30:55";"368";"2"
"2013/01/24 17:34:37";"2013/01/24 17:30:55";"369";"0"
"2013/01/24 17:34:37";"2013/01/24 17:30:55";"370";"2"
"2013/01/24 17:34:37";"2013/01/24 17:30:55";"371";"2"
"2013/01/24 17:34:37";"2013/01/24 17:30:55";"372";"2"
"2013/01/24 17:34:37";"2013/01/24 17:30:55";"373";"0"
"2013/01/24 17:34:37";"2013/01/24 17:30:55";"374";"2"
"2013/01/24 17:34:37";"2013/01/24 17:30:55";"375";"2"
"2013/01/24 17:34:37";"2013/01/24 17:30:55";"376";"2"
"2013/01/24 17:34:37";"2013/01/24 17:30:55";"377";"2"
"2013/01/24 17:34:37";"2013/01/24 17:30:55";"378";"2"
"2013/01/24 17:34:37";"2013/01/24 17:30:55";"379";"2"
"2013/01/24 17:34:37";"2013/01/24 17:30:55";"380";"2"
"2013/01/24 17:34:37";"2013/01/24 17:30:55";"381";"2"
"2013/01/24 17:34:37";"2013/01/24 17:30:55";"382";"0"
"2013/01/24 17:34:37";"2013/01/24 17:30:55";"383";"0"
"2013/01/24 17:34:37";"2013/01/24 17:30:55";"384";"2"
"2013/01/24 17:34:37";"2013/01/24 17:30:55";"385";"2"
"2013/01/24 17:34:37";"2013/01/24 17:30:55";"386";"2"
"2013/01/24 17:34:37";"2013/01/24 17:30:55";"387";"1"
"2013/01/24 17:34:37";"2013/01/24 17:30:55";"388";"1"
"2013/01/24 17:34:37";"2013/01/24 17:30:55";"389";"2"
"2013/01/24 17:34:37";"2013/01/24 17:30:55";"390";"2"
"2013/01/24 17:34:37";"2013/01/24 17:30:55";"391";"2"
"2013/01/24 17:34:37";"2013/01/24 17:30:55";"392";"0"
"2013/01/24 17:34:37";"2013/01/24 17:30:55";"393";"2"
"2013/01/24 17:34:37";"2013/01/24 17:30:55";"394";"2"
"2013/01/24 17:34:37";"2013/01/24 17:30:55";"395";"2"
"2013/01/24 17:34:37";"2013/01/24 17:30:55";"396";"0"
"2013/01/24 17:34:37";"2013/01/24 17:30:55";"397";"0"
"2013/01/24 17:34:37";"2013/01/24 17:30:55";"398";"0"
"2013/01/24 17:34:37";"2013/01/24 17:30:55";"399";"0"
"2013/01/24 17:34:37";"2013/01/24 17:30:55";"401";"2"
"2013/01/24 17:34:37";"2013/01/24 17:30:55";"402";"2"
"2013/01/24 17:34:37";"2013/01/24 17:30:55";"403";"2"
"2013/01/24 17:34:37";"2013/01/24 17:30:55";"404";"2"
"2013/01/24 17:34:37";"2013/01/24 17:30:55";"405";"2"
"2013/01/24 17:34:37";"2013/01/24 17:30:55";"406";"4"
"2013/01/24 17:34:37";"2013/01/24 17:30:55";"407";"2"
"2013/01/24 17:34:37";"2013/01/24 17:30:55";"408";"3"
"2013/01/24 17:34:37";"2013/01/24 17:30:55";"409";"2"
"2013/01/24 17:34:37";"2013/01/24 17:30:55";"410";"1"
"2013/01/24 17:34:37";"2013/01/24 17:30:55";"411";"0"
"2013/01/24 17:34:37";"2013/01/24 17:30:55";"412";"0"
"2013/01/24 17:34:37";"2013/01/24 17:30:55";"413";"2"
"2013/01/24 17:34:37";"2013/01/24 17:30:55";"414";"2"
"2013/01/24 17:34:37";"2013/01/24 17:30:55";"415";"3"
"2013/01/24 17:34:37";"2013/01/24 17:30:55";"416";"3"
"2013/01/24 17:34:37";"2013/01/24 17:30:55";"417";"0"
"2013/01/24 17:34:37";"2013/01/24 17:30:55";"418";"2"
"2013/01/24 17:34:37";"2013/01/24 17:30:55";"419";"2"
"2013/01/24 17:34:37";"2013/01/24 17:30:55";"420";"2"
"2013/01/24 17:34:37";"2013/01/24 17:30:55";"421";"0"
"2013/01/24 17:34:37";"2013/01/24 17:30:55";"422";"1"
"2013/01/24 17:34:37";"2013/01/24 17:30:55";"423";"1"
"2013/01/24 17:34:37";"2013/01/24 17:30:55";"424";"1"
"2013/01/24 17:34:37";"2013/01/24 17:30:55";"425";"2"
"2013/01/24 17:34:37";"2013/01/24 17:30:55";"426";"2"
"2013/01/24 17:34:37";"2013/01/24 17:30:55";"427";"2"
"2013/01/24 17:34:37";"2013/01/24 17:30:55";"428";"3"
"2013/01/24 17:34:37";"2013/01/24 17:30:55";"429";"2"
"2013/01/24 17:34:37";"2013/01/24 17:30:55";"430";"2"
"2013/01/24 17:34:37";"2013/01/24 17:30:55";"431";"3"
"2013/01/24 17:34:37";"2013/01/24 17:30:55";"432";"2"
"2013/01/24 17:34:37";"2013/01/24 17:30:55";"433";"2"
"2013/01/24 17:34:37";"2013/01/24 17:30:55";"434";"0"
"2013/01/24 17:34:37";"2013/01/24 17:30:55";"435";"0"
"2013/01/24 17:34:37";"2013/01/24 17:30:55";"436";"0"
"2013/01/24 17:34:37";"2013/01/24 17:30:55";"437";"0"
"2013/01/24 17:34:37";"2013/01/24 17:30:55";"438";"0"
"2013/01/24 17:34:37";"2013/01/24 17:30:55";"439";"0"
"2013/01/24 17:34:37";"2013/01/24 17:30:55";"440";"2"
"2013/01/24 17:34:37";"2013/01/24 17:30:55";"441";"2"
"2013/01/24 17:34:37";"2013/01/24 17:30:55";"442";"4"
"2013/01/24 17:34:37";"2013/01/24 17:30:55";"443";"0"
"2013/01/24 17:34:37";"2013/01/24 17:30:55";"444";"0"
"2013/01/24 17:34:37";"2013/01/24 17:30:55";"445";"0"
"2013/01/24 17:34:37";"2013/01/24 17:30:55";"446";"0"
"2013/01/24 17:34:37";"2013/01/24 17:30:55";"447";"0"
"2013/01/24 17:34:37";"2013/01/24 17:30:55";"448";"0"
"2013/01/24 17:34:37";"2013/01/24 17:30:55";"449";"2"
"2013/01/24 17:34:37";"2013/01/24 17:30:55";"450";"2"
"2013/01/24 17:34:37";"2013/01/24 17:30:55";"451";"2"
"2013/01/24 17:34:37";"2013/01/24 17:30:55";"452";"0"
"2013/01/24 17:34:37";"2013/01/24 17:30:55";"453";"0"
"2013/01/24 17:34:37";"2013/01/24 17:30:55";"454";"0"
"2013/01/24 17:34:37";"2013/01/24 17:30:55";"455";"2"
"2013/01/24 17:34:37";"2013/01/24 17:30:55";"456";"0"
"2013/01/24 17:34:37";"2013/01/24 17:30:55";"457";"0"
"2013/01/24 17:34:37";"2013/01/24 17:30:55";"458";"0"
"2013/01/24 17:34:37";"2013/01/24 17:30:55";"459";"0"
"2013/01/24 17:34:37";"2013/01/24 17:30:55";"460";"0"
"2013/01/24 17:34:37";"2013/01/24 17:30:55";"461";"2"
"2013/01/24 17:34:37";"2013/01/24 17:30:55";"462";"0"
"2013/01/24 17:34:37";"2013/01/24 17:30:55";"463";"0"
"2013/01/24 17:34:37";"2013/01/24 17:30:55";"464";"0"
"2013/01/24 17:34:37";"2013/01/24 17:30:55";"465";"0"
"2013/01/24 17:34:37";"2013/01/24 17:30:55";"466";"0"
"2013/01/24 17:34:37";"2013/01/24 17:30:55";"467";"0"
"2013/01/24 17:34:37";"2013/01/24 17:30:55";"468";"2"
"2013/01/24 17:34:37";"2013/01/24 17:30:55";"469";"0"
"2013/01/24 17:34:37";"2013/01/24 17:30:55";"470";"0"
"2013/01/24 17:34:37";"2013/01/24 17:30:55";"471";"2"
"2013/01/24 17:34:37";"2013/01/24 17:30:55";"472";"2"
"2013/01/24 17:34:37";"2013/01/24 17:30:55";"473";"2"
"2013/01/24 17:34:37";"2013/01/24 17:30:55";"474";"0"
"2013/01/24 17:34:37";"2013/01/24 17:30:55";"475";"2"
"2013/01/24 17:34:37";"2013/01/24 17:30:55";"476";"2"
"2013/01/24 17:34:37";"2013/01/24 17:30:55";"477";"2"
"2013/01/24 17:34:37";"2013/01/24 17:30:55";"478";"2"
"2013/01/24 17:34:37";"2013/01/24 17:30:55";"479";"2"
"2013/01/24 17:34:37";"2013/01/24 17:30:55";"480";"0"
"2013/01/24 17:34:37";"2013/01/24 17:30:55";"481";"0"
"2013/01/24 17:34:37";"2013/01/24 17:30:55";"482";"0"
"2013/01/24 17:34:37";"2013/01/24 17:30:55";"483";"0"
"2013/01/24 17:34:37";"2013/01/24 17:30:55";"484";"0"
"2013/01/24 17:34:37";"2013/01/24 17:30:55";"485";"2"
"2013/01/24 17:34:37";"2013/01/24 17:30:55";"486";"2"
"2013/01/24 17:34:37";"2013/01/24 17:30:55";"487";"2"
"2013/01/24 17:34:37";"2013/01/24 17:30:55";"488";"0"
"2013/01/24 17:34:37";"2013/01/24 17:30:55";"489";"0"
"2013/01/24 17:34:37";"2013/01/24 17:30:55";"490";"0"
"2013/01/24 17:34:37";"2013/01/24 17:30:55";"491";"2"
"2013/01/24 17:34:37";"2013/01/24 17:30:55";"492";"0"
"2013/01/24 17:34:37";"2013/01/24 17:30:55";"493";"0"
"2013/01/24 17:34:37";"2013/01/24 17:30:55";"494";"0"
"2013/01/24 17:34:37";"2013/01/24 17:30:55";"501";"4"
"2013/01/24 17:34:37";"2013/01/24 17:30:55";"502";"2"
"2013/01/24 17:34:37";"2013/01/24 17:30:55";"503";"2"
"2013/01/24 17:34:37";"2013/01/24 17:30:55";"504";"2"
"2013/01/24 17:34:37";"2013/01/24 17:30:55";"505";"2"
"2013/01/24 17:34:37";"2013/01/24 17:30:55";"506";"2"
"2013/01/24 17:34:37";"2013/01/24 17:30:55";"507";"2"
"2013/01/24 17:34:37";"2013/01/24 17:30:55";"508";"2"
"2013/01/24 17:34:37";"2013/01/24 17:30:55";"509";"2"
"2013/01/24 17:34:37";"2013/01/24 17:30:55";"510";"1"
"2013/01/24 17:34:37";"2013/01/24 17:30:55";"511";"5"
"2013/01/24 17:34:37";"2013/01/24 17:30:55";"512";"2"
"2013/01/24 17:34:37";"2013/01/24 17:30:55";"513";"5"
"2013/01/24 17:34:37";"2013/01/24 17:30:55";"514";"2"
"2013/01/24 17:34:37";"2013/01/24 17:30:55";"515";"3"
"2013/01/24 17:34:37";"2013/01/24 17:30:55";"516";"2"
"2013/01/24 17:34:37";"2013/01/24 17:30:55";"517";"4"
"2013/01/24 17:34:37";"2013/01/24 17:30:55";"518";"2"
"2013/01/24 17:34:37";"2013/01/24 17:30:55";"519";"4"
"2013/01/24 17:34:37";"2013/01/24 17:30:55";"520";"1"
"2013/01/24 17:34:37";"2013/01/24 17:30:55";"521";"2"
"2013/01/24 17:34:37";"2013/01/24 17:30:55";"522";"3"
"2013/01/24 17:34:37";"2013/01/24 17:30:55";"523";"2"
"2013/01/24 17:34:37";"2013/01/24 17:30:55";"524";"2"
"2013/01/24 17:34:37";"2013/01/24 17:30:55";"525";"2"
"2013/01/24 17:34:37";"2013/01/24 17:30:55";"526";"2"
"2013/01/24 17:34:37";"2013/01/24 17:30:55";"527";"0"
"2013/01/24 17:34:37";"2013/01/24 17:30:55";"528";"0"
"2013/01/24 17:34:37";"2013/01/24 17:30:55";"529";"2"
"2013/01/24 17:34:37";"2013/01/24 17:30:55";"530";"2"
"2013/01/24 17:34:37";"2013/01/24 17:30:55";"531";"2"
"2013/01/24 17:34:37";"2013/01/24 17:30:55";"532";"1"
"2013/01/24 17:34:37";"2013/01/24 17:30:55";"533";"2"
"2013/01/24 17:34:37";"2013/01/24 17:30:55";"534";"2"
"2013/01/24 17:34:37";"2013/01/24 17:30:55";"601";"0"
"2013/01/24 17:34:37";"2013/01/24 17:30:55";"602";"0"
"2013/01/24 17:34:37";"2013/01/24 17:30:55";"604";"0"
"2013/01/24 17:34:37";"2013/01/24 17:30:55";"2001";"0"
"2013/01/24 17:34:37";"2013/01/24 17:30:55";"2002";"0"
"2013/01/24 17:34:37";"2013/01/24 17:30:55";"2003";"0"
"2013/01/24 17:34:37";"2013/01/24 17:30:55";"2004";"0"
